compra_id;cliente_id;produto_id;valor;quantidade;nome;idade;cidade;pontuacao_engajamento;assinante_clube;nome_produto;pais;safra;tipo_uva;ano;mes;dia;dia_semana;trimestre;semana_ano;mes_sin;mes_cos;dia_semana_sin;dia_semana_cos;total_gasto;ticket_medio;std_gasto;num_compras;total_itens;media_itens;preco_medio_produto;popularidade_produto;total_vendido_produto;recencia;frequencia;valor_total;valor_por_unidade;engajamento_por_idade;engajamento_x_idade;valor_por_idade;cancelou_assinatura
88;31;67;161.64;1;6;29.0;0;9.21;1;13;0;2020.0;3;2023;10;8;6;4;40;-0.8660254037844386;0.5000000000000001;-0.7818314824680299;0.6234898018587334;161.64;161.64;;1;1;1.0;161.64;1;1;79;1;161.64;80.82;0.30700000000000005;267.09000000000003;5.388;0
29;30;33;243.35;2;5;41.0;3;6.62;1;8;6;2019.0;5;2023;6;6;1;2;23;1.2246467991473532e-16;-1.0;0.7818314824680298;0.6234898018587336;243.35;243.35;;1;2;2.0;243.35;1;2;203;1;243.35;81.11666666666666;0.15761904761904763;271.42;5.794047619047619;0
64;80;23;174.57;4;15;50.0;2;3.68;0;6;2;2023.0;4;2023;2;9;3;1;6;0.8660254037844386;0.5000000000000001;0.43388373911755823;-0.900968867902419;174.57;174.57;;1;4;4.0;174.57;1;4;320;1;174.57;34.914;0.07215686274509804;184.0;3.422941176470588;1
52;62;10;226.3;3;11;30.0;1;8.46;1;0;3;2017.0;6;2023;2;1;2;1;5;0.8660254037844386;0.5000000000000001;0.9749279121818236;-0.22252093395631434;226.3;226.3;;1;3;3.0;226.3;1;3;328;1;226.3;56.575;0.27290322580645165;253.8;7.300000000000001;1
48;97;37;160.33;2;20;59.0;0;4.27;1;9;5;2018.0;3;2023;1;6;4;1;1;0.49999999999999994;0.8660254037844387;-0.433883739117558;-0.9009688679024191;160.33;160.33;;1;2;2.0;160.33;1;2;354;1;160.33;53.443333333333335;0.07116666666666666;251.92999999999998;2.672166666666667;0
